Title,Date,Length
The Office (U.S.): Season 8: Pam's Replacement,10/30/20,22
The Office (U.S.): Season 8: Doomsday,10/30/20,22
The Office (U.S.): Season 8: Spooked,10/30/20,22
The Office (U.S.): Season 3: The Convict,10/30/20,21
The Office (U.S.): Season 3: Branch Closing,10/30/20,30
The Office (U.S.): Season 3: Diwali,10/30/20,21
The Office (U.S.): Season 2: Sexual Harassment,10/30/20,21
The Office (U.S.): Season 2: The Fight,10/30/20,21
The Office (U.S.): Season 2: Halloween,10/30/20,21
Bad Teacher,10/30/20,91
-,10/29/20,0
The Office (U.S.): Season 5: Stress Relief: Part 2,10/28/20,21
The Office (U.S.): Season 5: Stress Relief: Part 1,10/28/20,21
The Office (U.S.): Season 5: Prince Family Paper,10/27/20,21
-,10/26/20,0
The Office (U.S.): Season 4: The Deposition,10/25/20,21
The Office (U.S.): Season 4: Survivor Man,10/25/20,21
The Office (U.S.): Season 4: Branch Wars,10/25/20,21
The Office (U.S.): Season 4: Local Ad,10/25/20,21
The Office (U.S.): Season 4: Money,10/25/20,42
The Office (U.S.): Season 4: Launch Party,10/25/20,42
The Office (U.S.): Season 4: Dunder Mifflin Infinity,10/25/20,42
The Office (U.S.): Season 3: The Job,10/25/20,42
The Office (U.S.): Season 3: Beach Games,10/25/20,28
The Office (U.S.): Season 3: Women's Appreciation,10/24/20,28
The Office (U.S.): Season 3: Back from Vacation,10/24/20,21
New Girl: Season 3: Basketsball,10/24/20,21
New Girl: Season 3: Clavado En Un Bar,10/24/20,21
New Girl: Season 3: Thanksgiving III,10/23/20,21
New Girl: Season 3: Longest Night Ever,10/23/20,21
New Girl: Season 3: Menus,10/23/20,21
The Social Dilemma,10/23/20,94
-,10/22/20,0
-,10/21/20,0
-,10/20/20,0
-,10/19/20,0
-,10/18/20,0
-,10/17/20,0
-,10/16/20,0
-,10/15/20,0
The Office (U.S.): Season 3: Initiation,10/14/20,21
The Office (U.S.): Season 3: Grief Counseling,10/14/20,21
The Office (U.S.): Season 3: The Coup,10/14/20,21
The Office (U.S.): Season 3: The Convention,10/14/20,21
-,10/13/20,0
-,10/12/20,0
The Office (U.S.): Season 3: Gay Witch Hunt,10/11/20,22
-,10/10/20,0
The Office (U.S.): Season 6: Murder,10/9/20,22
The Office (U.S.): Season 6: Double Date,10/9/20,22
The Office (U.S.): Season 6: Koi Pond,10/9/20,22
-,10/8/20,0
The Office (U.S.): Season 5: Heavy Competition,10/7/20,21
Our Planet: Season 1: Coastal Seas,10/7/20,50
-,10/6/20,0
The Office (U.S.): Season 5: Golden Ticket,10/5/20,21
-,10/4/20,0
The Office (U.S.): Season 6: Niagara: Part 2,10/3/20,22
The Office (U.S.): Season 7: Training Day,10/3/20,22
American Murder: The Family Next Door,10/3/20,83
-,10/2/20,0
-,10/1/20,0
The Office (U.S.): Season 7: Garage Sale,9/30/20,22
The Office (U.S.): Season 7: Todd Packer,9/30/20,22
-,9/29/20,0
The Office (U.S.): Season 7: Threat Level Midnight,9/28/20,22
The Office (U.S.): Season 7: PDA,9/28/20,22
,9/27/20,0
The Office (U.S.): Season 7: WUPHF.com,9/26/20,22
The Office (U.S.): Season 7: Viewing Party,9/26/20,22
-,9/25/20,0
The Office (U.S.): Season 6: The Chump,9/24/20,22
The Office (U.S.): Season 6: The Cover-Up,9/24/20,22
The Office (U.S.): Season 6: Body Language,9/23/20,22
The Office (U.S.): Season 6: Secretary's Day,9/23/20,22
The Office (U.S.): Season 6: Happy Hour,9/23/20,22
-,9/22/20,0
-,9/21/20,0
The Office (U.S.): Season 5: Crime Aid,9/20/20,21
The Office (U.S.): Season 5: Baby Shower,9/20/20,21
The Office (U.S.): Season 5: Business Ethics,9/20/20,21
The Office (U.S.): Season 5: Weight Loss: Part 2,9/20/20,21
-,9/19/20,0
-,9/18/20,0
-,9/17/20,0
-,9/16/20,0
-,9/15/20,0
-,9/14/20,0
-,9/13/20,0
The Office (U.S.): Season 5: Weight Loss: Part 1,9/12/20,21
"The Office (U.S.): Season 4: Goodbye, Toby",9/12/20,42
The Office (U.S.): Season 4: Job Fair,9/11/20,20
The Office (U.S.): Season 4: Did I Stutter,9/11/20,22
The Office (U.S.): Season 4: Night Out,9/11/20,21
The Office (U.S.): Season 4: The Chair Model,9/11/20,21
The Office (U.S.): Season 4: Dinner Party,9/11/20,22
,9/10/20,0
,9/9/20,0
,9/8/20,0
New Girl: Season 4: Spiderhunt,9/7/20,21
New Girl: Season 4: Oregon,9/7/20,21
New Girl: Season 4: The Crawl,9/7/20,21
The Office (U.S.): Season 4: Fun Run,9/6/20,42
-,9/5/20,0
The Office (U.S.): Season 3: Product Recall,9/4/20,21
The Office (U.S.): Season 3: Safety Training,9/4/20,21
-,9/3/20,0
The Office (U.S.): Season 2: Casino Night,9/2/20,28
The Office (U.S.): Season 2: Drug Testing,9/2/20,21
The Office (U.S.): Season 2: Michael's Birthday,9/2/20,21
The Office (U.S.): Season 2: Take Your Daughter to Work Day,9/2/20,20
The Office (U.S.): Season 2: Dwight's Speech,9/2/20,21
The Office (U.S.): Season 1: Diversity Day,9/1/20,21
The Office (U.S.): Season 1: Pilot,9/1/20,23
-,8/31/20,0
-,8/30/20,0
-,8/29/20,0
